Timestamp,Positive %,Negative %,Overall Summary,Strengths Summary,Weaknesses Summary,Top Keywords
2026-02-23 22:51:43,66.67,33.33,The instructor explained concepts clearly. Exams were difficult but fair,The instructor explained concepts clearly. Exams were difficult but fair.,Too many assignments and tight deadlines. Lectures were sometimes boring.,"course (1.0), boring (0.71), lectures (0.71), helpful (0.61), organized (0.61), practical (0.61), useful (0.61), assignments (0.58), deadlines (0.58), difficult (0.58)"
2026-03-01 19:20:28,66.67,33.33,"Ahmed,Fall 2025,The instructor explained concepts clearly. Sara,Fall 2025,Very practical and useful course","Ahmed,Fall 2025,The instructor explained concepts clearly. Sara,Fall 2025,Very practical and useful course","Ahmed,Fall 2025,Too many assignments and tight deadlines. Sara,Fall 2025,Lectures were sometimes boring.","operating (1.01), sarafall (1.01), systemsdr (1.01), ahmedfall (0.89), data (0.89), structuresdr (0.89), course (0.74), 2025the (0.71), 2025lectures (0.54), boring (0.54)"
2026-03-01 20:06:18,Data Structures,Dr. Ahmed,Fall 2025,66.67,33.33,The instructor explained concepts clearly.. Too many assignments and tight deadlines,The course was very organized and helpful. The instructor explained concepts clearly.,Too many assignments and tight deadlines.,"assignments (0.58), course (0.58), deadlines (0.58), helpful (0.58), organized (0.58), tight (0.58), clearly (0.5), concepts (0.5), explained (0.5), instructor (0.5)"
2026-03-01 20:06:19,Operating Systems,Dr. Sara,Fall 2025,66.67,33.33,Exams were difficult but fair. Very practical and useful course,Very practical and useful course. Exams were difficult but fair.,Lectures were sometimes boring.,"boring (0.71), lectures (0.71), course (0.58), difficult (0.58), exams (0.58), fair (0.58), practical (0.58), useful (0.58)"
2026-03-01 20:15:22,,,,66.67,33.33,"Ahmed, Fall 2025, The instructor explained concepts clearly. Sara, Fall 2025, Very practical and useful course","Ahmed, Fall 2025, The instructor explained concepts clearly. Sara, Fall 2025, Very practical and useful course","Ahmed, Fall 2025, Too many assignments and tight deadlines. Sara, Fall 2025, Lectures were sometimes boring.","fall (1.26), operating (1.02), sara (1.02), systems (1.02), ahmed (0.95), data (0.95), structures (0.95), course (0.79), boring (0.52), lectures (0.52)"
2026-03-01 20:28:29,Data Structures,Dr. Ahmed,Fall 2025,66.67,33.33,The instructor explained concepts clearly.. Too many assignments and tight deadlines,The course was very organized and helpful. The instructor explained concepts clearly.,Too many assignments and tight deadlines.,"assignments (0.58), course (0.58), deadlines (0.58), helpful (0.58), organized (0.58), tight (0.58), clearly (0.5), concepts (0.5), explained (0.5), instructor (0.5)",The course was very organized and helpful. | The instructor explained concepts clearly.,Too many assignments and tight deadlines.
2026-03-01 20:28:30,Operating Systems,Dr. Sara,Fall 2025,66.67,33.33,Exams were difficult but fair. Very practical and useful course,Very practical and useful course. Exams were difficult but fair.,Lectures were sometimes boring.,"boring (0.71), lectures (0.71), course (0.58), difficult (0.58), exams (0.58), fair (0.58), practical (0.58), useful (0.58)",Very practical and useful course. | Exams were difficult but fair.,Lectures were sometimes boring.
2026-03-01 22:12:08,Data Structures,Dr. Ahmed,Fall 2025,66.67,33.33,The instructor explained concepts clearly.. Too many assignments and tight deadlines,The course was very organized and helpful. The instructor explained concepts clearly.,Too many assignments and tight deadlines.,"assignments (0.58), course (0.58), deadlines (0.58), helpful (0.58), organized (0.58), tight (0.58), clearly (0.5), concepts (0.5), explained (0.5), instructor (0.5)",The course was very organized and helpful. | The instructor explained concepts clearly.,Too many assignments and tight deadlines.
2026-03-01 22:12:08,Operating Systems,Dr. Sara,Fall 2025,66.67,33.33,Exams were difficult but fair. Very practical and useful course,Very practical and useful course. Exams were difficult but fair.,Lectures were sometimes boring.,"boring (0.71), lectures (0.71), course (0.58), difficult (0.58), exams (0.58), fair (0.58), practical (0.58), useful (0.58)",Very practical and useful course. | Exams were difficult but fair.,Lectures were sometimes boring.
2026-03-01 22:13:38,Data Structures,Dr. Ahmed,Fall 2025,66.67,33.33,The instructor explained concepts clearly.. Too many assignments and tight deadlines,The course was very organized and helpful. The instructor explained concepts clearly.,Too many assignments and tight deadlines.,"assignments (0.58), course (0.58), deadlines (0.58), helpful (0.58), organized (0.58), tight (0.58), clearly (0.5), concepts (0.5), explained (0.5), instructor (0.5)",The course was very organized and helpful. | The instructor explained concepts clearly.,Too many assignments and tight deadlines.
2026-03-01 22:13:38,Operating Systems,Dr. Sara,Fall 2025,66.67,33.33,Exams were difficult but fair. Very practical and useful course,Very practical and useful course. Exams were difficult but fair.,Lectures were sometimes boring.,"boring (0.71), lectures (0.71), course (0.58), difficult (0.58), exams (0.58), fair (0.58), practical (0.58), useful (0.58)",Very practical and useful course. | Exams were difficult but fair.,Lectures were sometimes boring.
